steam_appid,Engine
698780,RenPy
331470,RenPy
1392820,RenPy
423880,RenPy
1421250,RenPy
1463120,RenPy
1126320,RenPy
1129190,RenPy
251990,RenPy
313740,RenPy
1274290,RenPy
1159660,RenPy
1641270,RenPy
862690,RenPy
1045520,RenPy
570840,RenPy
1604000,RenPy
568770,RenPy
555210,RenPy
313730,RenPy
1764390,RenPy
1126310,RenPy
286260,RenPy
367120,RenPy
1630080,RenPy
1578860,RenPy
402180,RenPy
1174940,RenPy
345650,RenPy
917680,RenPy
1296770,RenPy
344770,RenPy
1249880,RenPy
386480,RenPy
451760,RenPy
529780,RenPy
209370,RenPy
559610,RenPy
593200,RenPy
342380,RenPy
865570,RenPy
431540,RenPy
307050,RenPy
1360980,RenPy
396650,RenPy
1232180,RenPy
448780,RenPy
571880,RenPy
1607130,RenPy
407330,RenPy
421670,RenPy
1210030,RenPy
926340,RenPy
1358250,RenPy
642090,RenPy
353330,RenPy
1111370,RenPy
958720,RenPy
833040,RenPy
397270,RenPy
1299370,RenPy
1450150,RenPy
445130,RenPy
1173010,RenPy
463390,RenPy
439940,RenPy
1684170,RenPy
852480,RenPy
806510,RenPy
1144030,RenPy
340730,RenPy
1724190,RenPy
402620,RenPy
365070,RenPy
404480,RenPy
429300,RenPy
885640,RenPy
734910,RenPy
879510,RenPy
377680,RenPy
1743260,RenPy
822930,RenPy
1528130,RenPy
429940,RenPy
375200,RenPy
603880,RenPy
211340,RenPy
432100,RenPy
248800,RenPy
690930,RenPy
1377450,RenPy
855630,RenPy
1224160,RenPy
623840,RenPy
321840,RenPy
620210,RenPy
358750,RenPy
844660,RenPy
321290,RenPy
1406040,RenPy
1114260,RenPy
1058000,RenPy
1639990,RenPy
516600,RenPy
1194740,RenPy
549860,RenPy
1212020,RenPy
949060,RenPy
542260,RenPy
913010,RenPy
610810,RenPy
1146600,RenPy
1582890,RenPy
643870,RenPy
1044490,RenPy
512060,RenPy
1259430,RenPy
1394100,RenPy
1430420,RenPy
1164000,RenPy
449050,RenPy
1364140,RenPy
239700,RenPy
576860,RenPy
753220,RenPy
1577420,RenPy
782340,RenPy
585890,RenPy
1137410,RenPy
1205950,RenPy
398100,RenPy
269250,RenPy
421700,RenPy
377430,RenPy
594130,RenPy
1555110,RenPy
1276610,RenPy
716340,RenPy
1201870,RenPy
1223810,RenPy
1264710,RenPy
431510,RenPy
257970,RenPy
1047010,RenPy
1077230,RenPy
1202310,RenPy
1639610,RenPy
509800,RenPy
1159520,RenPy
1571170,RenPy
447570,RenPy
612110,RenPy
1609230,RenPy
1419370,RenPy
881560,RenPy
954610,RenPy
650330,RenPy
745760,RenPy
461700,RenPy
1794470,RenPy
754810,RenPy
1154110,RenPy
655770,RenPy
910630,RenPy
383460,RenPy
562350,RenPy
877360,RenPy
1823380,RenPy
603140,RenPy
1271300,RenPy
813700,RenPy
295250,RenPy
1259240,RenPy
1263230,RenPy
1722270,RenPy
685680,RenPy
675240,RenPy
1249060,RenPy
739980,RenPy
1509590,RenPy
1031110,RenPy
458760,RenPy
1449430,RenPy
710710,RenPy
742170,RenPy
1371660,RenPy
687590,RenPy
407980,RenPy
449250,RenPy
324170,RenPy
1532510,RenPy
622060,RenPy
1315160,RenPy
521470,RenPy
669050,RenPy
1530760,RenPy
1484960,RenPy
1262190,RenPy
404080,RenPy
400580,RenPy
1590730,RenPy
488660,RenPy
1822190,RenPy
427980,RenPy
904520,RenPy
420980,RenPy
1695680,RenPy
936960,RenPy
733740,RenPy
612100,RenPy
1637070,RenPy
780820,RenPy
539670,RenPy
377690,RenPy
568720,RenPy
1553890,RenPy
288220,RenPy
1561400,RenPy
1732050,RenPy
1148400,RenPy
610750,RenPy
657050,RenPy
398980,RenPy
1407210,RenPy
1595030,RenPy
1064140,RenPy
1326000,RenPy
1558900,RenPy
729530,RenPy
1357670,RenPy
396860,RenPy
935070,RenPy
467680,RenPy
1688580,RenPy
1414800,RenPy
1269350,RenPy
815450,RenPy
356530,RenPy
668680,RenPy
939790,RenPy
1167170,RenPy
827640,RenPy
1398070,RenPy
816270,RenPy
857080,RenPy
259720,RenPy
761070,RenPy
409920,RenPy
1189850,RenPy
521500,RenPy
812840,RenPy
560000,RenPy
748480,RenPy
935920,RenPy
628920,RenPy
1805930,RenPy
1683560,RenPy
1426090,RenPy
1345080,RenPy
326950,RenPy
437720,RenPy
463020,RenPy
1330190,RenPy
585880,RenPy
1301220,RenPy
1149510,RenPy
1034880,RenPy
358770,RenPy
1073310,RenPy
1676580,RenPy
321060,RenPy
1068150,RenPy
581650,RenPy
1274200,RenPy
508260,RenPy
1587180,RenPy
360550,RenPy
291030,RenPy
301380,RenPy
1572450,RenPy
1233710,RenPy
457530,RenPy
871570,RenPy
1504760,RenPy
632800,RenPy
974910,RenPy
352010,RenPy
1036580,RenPy
334850,RenPy
599480,RenPy
1880710,RenPy
674580,RenPy
806740,RenPy
1539780,RenPy
486380,RenPy
352610,RenPy
1567860,RenPy
269010,RenPy
812410,RenPy
968950,RenPy
565080,RenPy
1406020,RenPy
987240,RenPy
1067930,RenPy
575010,RenPy
1054560,RenPy
1064130,RenPy
363410,RenPy
1496180,RenPy
575510,RenPy
581520,RenPy
1238520,RenPy
1031170,RenPy
603360,RenPy
921530,RenPy
826100,RenPy
1179100,RenPy
1400870,RenPy
1061490,RenPy
1449510,RenPy
1217490,RenPy
1783110,RenPy
796940,RenPy
1466690,RenPy
555320,RenPy
560250,RenPy
1556190,RenPy
457490,RenPy
825300,RenPy
717850,RenPy
1706850,RenPy
1243420,RenPy
407340,RenPy
342450,RenPy
386990,RenPy
813300,RenPy
1387290,RenPy
1543460,RenPy
1490250,RenPy
921900,RenPy
1797300,RenPy
1639930,RenPy
778150,RenPy
517000,RenPy
542200,RenPy
555310,RenPy
885650,RenPy
1314630,RenPy
499910,RenPy
1607980,RenPy
1619540,RenPy
740600,RenPy
627820,RenPy
1010240,RenPy
589860,RenPy
1189680,RenPy
686760,RenPy
769550,RenPy
605190,RenPy
1157640,RenPy
595730,RenPy
1755880,RenPy
1151720,RenPy
1331590,RenPy
1204740,RenPy
1599470,RenPy
1008210,RenPy
1096730,RenPy
420950,RenPy
1443200,RenPy
1409610,RenPy
1801230,RenPy
474980,RenPy
1028440,RenPy
894460,RenPy
1091640,RenPy
317300,RenPy
493450,RenPy
758320,RenPy
594350,RenPy
1490190,RenPy
610670,RenPy
416360,RenPy
1260670,RenPy
1157620,RenPy
825550,RenPy
699080,RenPy
1027620,RenPy
765210,RenPy
1202870,RenPy
820790,RenPy
1578950,RenPy
446600,RenPy
371120,RenPy
1153070,RenPy
526400,RenPy
618550,RenPy
789260,RenPy
803040,RenPy
1498120,RenPy
809680,RenPy
1525420,RenPy
1012900,RenPy
1344840,RenPy
1244260,RenPy
1400180,RenPy
1069390,RenPy
1559430,RenPy
1311310,RenPy
1513120,RenPy
455310,RenPy
1591490,RenPy
366380,RenPy
1005520,RenPy
404170,RenPy
1020030,RenPy
956600,RenPy
946560,RenPy
587290,RenPy
754840,RenPy
1285560,RenPy
1639580,RenPy
1673780,RenPy
1745750,RenPy
1907170,RenPy
1416160,RenPy
429580,RenPy
549770,RenPy
937980,RenPy
1462550,RenPy
1683800,RenPy
1343090,RenPy
1031020,RenPy
1211650,RenPy
372330,RenPy
1161650,RenPy
1705520,RenPy
1332990,RenPy
510750,RenPy
857470,RenPy
307190,RenPy
869350,RenPy
1860600,RenPy
1796180,RenPy
413870,RenPy
348540,RenPy
423650,RenPy
1419740,RenPy
1432500,RenPy
904990,RenPy
603120,RenPy
1572990,RenPy
1255830,RenPy
568020,RenPy
408770,RenPy
1247020,RenPy
1155720,RenPy
496630,RenPy
482990,RenPy
1509830,RenPy
867700,RenPy
1100270,RenPy
1164740,RenPy
1132710,RenPy
1123140,RenPy
1835060,RenPy
1639890,RenPy
1757760,RenPy
404180,RenPy
632900,RenPy
1247460,RenPy
589480,RenPy
1428560,RenPy
1134450,RenPy
979330,RenPy
628460,RenPy
1288920,RenPy
335660,RenPy
1364730,RenPy
1237040,RenPy
1142270,RenPy
1118880,RenPy
1349970,RenPy
345700,RenPy
1209330,RenPy
588710,RenPy
1533720,RenPy
444170,RenPy
845380,RenPy
906730,RenPy
1933640,RenPy
1644280,RenPy
1534270,RenPy
1123190,RenPy
1332970,RenPy
350490,RenPy
1649290,RenPy
333390,RenPy
1024790,RenPy
1334020,RenPy
1835810,RenPy
734900,RenPy
755350,RenPy
795160,RenPy
1002100,RenPy
293920,RenPy
970400,RenPy
1121300,RenPy
1272860,RenPy
311680,RenPy
432180,RenPy
508230,RenPy
657290,RenPy
771450,RenPy
858050,RenPy
1128570,RenPy
1273080,RenPy
434600,RenPy
503820,RenPy
605180,RenPy
713860,RenPy
981550,RenPy
1173270,RenPy
1509040,RenPy
1519590,RenPy
290990,RenPy
451640,RenPy
1305760,RenPy
314200,RenPy
467720,RenPy
892990,RenPy
1054450,RenPy
1160950,RenPy
1174170,RenPy
1236860,RenPy
443980,RenPy
629430,RenPy
1010970,RenPy
1228600,RenPy
1296260,RenPy
1324830,RenPy
1432650,RenPy
1560010,RenPy
326060,RenPy
490160,RenPy
536770,RenPy
864130,RenPy
1064030,RenPy
1086030,RenPy
1610320,RenPy
1641010,RenPy
1719460,RenPy
380680,RenPy
1584330,RenPy
302950,RenPy
384840,RenPy
676130,RenPy
933230,RenPy
1493730,RenPy
1512470,RenPy
1658830,RenPy
1666720,RenPy
1745690,RenPy
1630630,RenPy
1770210,RenPy
446610,RenPy
710950,RenPy
716030,RenPy
942800,RenPy
1006250,RenPy
1083420,RenPy
1186600,RenPy
1187600,RenPy
1466680,RenPy
770400,RenPy
818940,RenPy
1351370,RenPy
1383880,RenPy
1522770,RenPy
1532650,RenPy
1571690,RenPy
291050,RenPy
568300,RenPy
729330,RenPy
960590,RenPy
1014460,RenPy
1108640,RenPy
1131410,RenPy
1523150,RenPy
1586960,RenPy
907350,RenPy
989080,RenPy
1250180,RenPy
1363160,RenPy
1565080,RenPy
1634950,RenPy
1844860,RenPy
381010,RenPy
631990,RenPy
763990,RenPy
787970,RenPy
982450,RenPy
1010660,RenPy
1151530,RenPy
1153950,RenPy
1261570,RenPy
1492980,RenPy
1568650,RenPy
1573370,RenPy
584940,RenPy
785640,RenPy
954150,RenPy
963300,RenPy
1116490,RenPy
1280010,RenPy
1321040,RenPy
1511040,RenPy
457370,RenPy
492080,RenPy
530360,RenPy
704680,RenPy
732950,RenPy
1107060,RenPy
1169170,RenPy
1313810,RenPy
1469300,RenPy
1604800,RenPy
337890,RenPy
849800,RenPy
1140140,RenPy
1610330,RenPy
387100,RenPy
521540,RenPy
658060,RenPy
1733300,RenPy
1830780,RenPy
1673040,RenPy
1847130,RenPy
1895370,RenPy
428060,RenPy
555650,RenPy
562280,RenPy
857200,RenPy
1320830,RenPy
1447310,RenPy
1459710,RenPy
454690,RenPy
554180,RenPy
664620,RenPy
935190,RenPy
1485190,RenPy
1579320,RenPy
1594120,RenPy
1889000,RenPy
1632010,RenPy
1652030,RenPy
1831260,RenPy
1851910,RenPy
448690,RenPy
716330,RenPy
942580,RenPy
1081780,RenPy
1152210,RenPy
1524650,RenPy
404030,RenPy
606690,RenPy
671100,RenPy
1266370,RenPy
1690150,RenPy
1783510,RenPy
1800690,RenPy
362660,RenPy
435260,RenPy
1029380,RenPy
1080790,RenPy
1263110,RenPy
1381590,RenPy
1382530,RenPy
570350,RenPy
675890,RenPy
753400,RenPy
768090,RenPy
1075390,RenPy
1222750,RenPy
1253880,RenPy
1261200,RenPy
1342290,RenPy
1345340,RenPy
1591470,RenPy
305490,RenPy
432130,RenPy
458060,RenPy
1166110,RenPy
1182820,RenPy
1433540,RenPy
1690530,RenPy
1701660,RenPy
1763110,RenPy
1771430,RenPy
1865680,RenPy
1892770,RenPy
1674240,RenPy
427930,RenPy
650680,RenPy
763910,RenPy
838340,RenPy
896500,RenPy
914510,RenPy
920200,RenPy
925340,RenPy
963770,RenPy
990180,RenPy
992700,RenPy
1207230,RenPy
1273570,RenPy
1610060,RenPy
352640,RenPy
383670,RenPy
573050,RenPy
981790,RenPy
1076610,RenPy
1207210,RenPy
1329990,RenPy
1355370,RenPy
1371040,RenPy
1465640,RenPy
1721460,RenPy
1757750,RenPy
1761740,RenPy
1833360,RenPy
1754050,RenPy
1779990,RenPy
1871790,RenPy
1874810,RenPy
352740,RenPy
617970,RenPy
770600,RenPy
836110,RenPy
897830,RenPy
986710,RenPy
1030490,RenPy
1160580,RenPy
1220710,RenPy
1322490,RenPy
1463450,RenPy
1501420,RenPy
1549930,RenPy
432490,RenPy
524200,RenPy
559850,RenPy
649170,RenPy
677730,RenPy
795310,RenPy
961220,RenPy
1076040,RenPy
1156630,RenPy
1275150,RenPy
1312950,RenPy
1631790,RenPy
1839570,RenPy
1879190,RenPy
1828740,RenPy
305480,RenPy
467750,RenPy
617620,RenPy
916030,RenPy
945280,RenPy
1026390,RenPy
1202580,RenPy
1249500,RenPy
1502520,RenPy
1594220,RenPy
1594420,RenPy
335690,RenPy
449340,RenPy
618010,RenPy
1002510,RenPy
1221890,RenPy
1286770,RenPy
1363270,RenPy
1372800,RenPy
1474100,RenPy
1489810,RenPy
1511240,RenPy
1538680,RenPy
1562870,RenPy
1563150,RenPy
1579920,RenPy
1616280,RenPy
1853680,RenPy
1859760,RenPy
1674180,RenPy
1701300,RenPy
302290,RenPy
366920,RenPy
375770,RenPy
432110,RenPy
467710,RenPy
523730,RenPy
534980,RenPy
683180,RenPy
816220,RenPy
890700,RenPy
1013820,RenPy
1136910,RenPy
1163480,RenPy
1189070,RenPy
1198630,RenPy
1288560,RenPy
1373950,RenPy
1467810,RenPy
1524930,RenPy
368150,RenPy
498300,RenPy
621170,RenPy
806490,RenPy
825370,RenPy
829210,RenPy
1096240,RenPy
1160620,RenPy
1422210,RenPy
1630490,RenPy
1700110,RenPy
1743080,RenPy
1754440,RenPy
1834820,RenPy
1703600,RenPy
1729070,RenPy
1749300,RenPy
1782710,RenPy
1796910,RenPy
1802700,RenPy
1804970,RenPy
1854130,RenPy
445670,RenPy
1165920,RenPy
1232120,RenPy
1248390,RenPy
1341100,RenPy
1479310,RenPy
1537800,RenPy
1544580,RenPy
1569690,RenPy
362020,RenPy
520520,RenPy
557860,RenPy
569210,RenPy
711070,RenPy
800930,RenPy
847680,RenPy
960680,RenPy
996370,RenPy
1044520,RenPy
1166730,RenPy
1343220,RenPy
1398660,RenPy
1431220,RenPy
1576230,RenPy
1659950,RenPy
1926690,RenPy
1639920,RenPy
358760,RenPy
515000,RenPy
679230,RenPy
741450,RenPy
747160,RenPy
754460,RenPy
1094640,RenPy
1141600,RenPy
1376640,RenPy
1394550,RenPy
1434870,RenPy
1506900,RenPy
1560590,RenPy
1576590,RenPy
486230,RenPy
511280,RenPy
617980,RenPy
652700,RenPy
845960,RenPy
892980,RenPy
1127140,RenPy
1136390,RenPy
1147760,RenPy
1150070,RenPy
1157090,RenPy
1227490,RenPy
1355050,RenPy
1356710,RenPy
1559920,RenPy
1600930,RenPy
1673560,RenPy
1725620,RenPy
1780520,RenPy
1805390,RenPy
1847900,RenPy
1911960,RenPy
1897820,RenPy
